{"v":"4.7.1","fr":60,"ip":0,"op":41,"w":150,"h":150,"nm":"Camera_Flash","ddd":0,"assets":[],"layers":[{"ddd":0,"ind":1,"ty":4,"nm":"Splash","ks":{"o":{"a":0,"k":100},"r":{"a":0,"k":0},"p":{"a":0,"k":[98.542,43.958,0]},"a":{"a":0,"k":[0,0,0]},"s":{"a":0,"k":[100,100,100]}},"ao":0,"shapes":[{"ty":"gr","it":[{"ind":0,"ty":"sh","ix":1,"ks":{"a":0,"k":{"i":[[0,0],[0,0]],"o":[[0,0],[0,0]],"v":[[0.011,-30.399],[0.011,-1.649]],"c":false}},"nm":"Path 1","mn":"ADBE Vector Shape - Group"},{"ty":"tr","p":{"a":0,"k":[0,0],"ix":2},"a":{"a":0,"k":[0,0],"ix":1},"s":{"a":0,"k":[100,100],"ix":3},"r":{"a":0,"k":-40,"ix":6},"o":{"a":0,"k":100,"ix":7},"sk":{"a":0,"k":0,"ix":4},"sa":{"a":0,"k":0,"ix":5},"nm":"Transform"}],"nm":"Shape 3","np":1,"cix":2,"ix":1,"mn":"ADBE Vector Group"},{"ty":"gr","it":[{"ind":0,"ty":"sh","ix":1,"ks":{"a":0,"k":{"i":[[0,0],[0,0]],"o":[[0,0],[0,0]],"v":[[0.011,-30.399],[0.011,-1.649]],"c":false}},"nm":"Path 1","mn":"ADBE Vector Shape - Group"},{"ty":"tr","p":{"a":0,"k":[0,0],"ix":2},"a":{"a":0,"k":[0,0],"ix":1},"s":{"a":0,"k":[100,100],"ix":3},"r":{"a":0,"k":0,"ix":6},"o":{"a":0,"k":100,"ix":7},"sk":{"a":0,"k":0,"ix":4},"sa":{"a":0,"k":0,"ix":5},"nm":"Transform"}],"nm":"Shape 2","np":1,"cix":2,"ix":2,"mn":"ADBE Vector Group"},{"ty":"gr","it":[{"ind":0,"ty":"sh","ix":1,"ks":{"a":0,"k":{"i":[[0,0],[0,0]],"o":[[0,0],[0,0]],"v":[[0.011,-30.399],[0.011,-1.649]],"c":false}},"nm":"Path 1","mn":"ADBE Vector Shape - Group"},{"ty":"tr","p":{"a":0,"k":[0,0],"ix":2},"a":{"a":0,"k":[0,0],"ix":1},"s":{"a":0,"k":[100,100],"ix":3},"r":{"a":0,"k":40,"ix":6},"o":{"a":0,"k":100,"ix":7},"sk":{"a":0,"k":0,"ix":4},"sa":{"a":0,"k":0,"ix":5},"nm":"Transform"}],"nm":"Shape 1","np":1,"cix":2,"ix":3,"mn":"ADBE Vector Group"},{"ty":"tm","s":{"a":1,"k":[{"i":{"x":[0.19],"y":[1]},"o":{"x":[0.167],"y":[0.033]},"n":["0p19_1_0p167_0p033"],"t":11,"s":[50.66],"e":[0]},{"t":32}],"ix":1},"e":{"a":1,"k":[{"i":{"x":[0.19],"y":[1]},"o":{"x":[0.485],"y":[0]},"n":["0p19_1_0p485_0"],"t":11,"s":[56.2],"e":[0.01]},{"t":32}],"ix":2},"o":{"a":0,"k":0,"ix":3},"m":1,"ix":4,"nm":"Trim Paths 1","mn":"ADBE Vector Filter - Trim"},{"ty":"st","c":{"a":0,"k":[0,0,0,1]},"o":{"a":0,"k":100},"w":{"a":1,"k":[{"i":{"x":[0.833],"y":[0.967]},"o":{"x":[0.59],"y":[0]},"n":["0p833_0p967_0p59_0"],"t":9,"s":[0],"e":[4.9]},{"i":{"x":[0.833],"y":[0.833]},"o":{"x":[0.167],"y":[0.167]},"n":["0p833_0p833_0p167_0p167"],"t":12,"s":[4.9],"e":[4.9]},{"i":{"x":[0.833],"y":[0.833]},"o":{"x":[0.167],"y":[0.167]},"n":["0p833_0p833_0p167_0p167"],"t":32,"s":[4.9],"e":[0]},{"t":36}]},"lc":2,"lj":2,"nm":"Stroke 1","mn":"ADBE Vector Graphic - Stroke"}],"ip":9,"op":37,"st":-18,"bm":0,"sr":1},{"ddd":0,"ind":2,"ty":4,"nm":"Camera","ks":{"o":{"a":0,"k":100},"r":{"a":0,"k":0},"p":{"a":0,"k":[75,75,0]},"a":{"a":0,"k":[75,75,0]},"s":{"a":0,"k":[100,100,100]}},"ao":0,"shapes":[{"ty":"gr","it":[{"ind":0,"ty":"sh","ix":1,"ks":{"a":1,"k":[{"i":{"x":0.14,"y":1},"o":{"x":0.86,"y":0},"n":"0p14_1_0p86_0","t":7,"s":[{"i":[[0,0],[0,0],[0,0],[0,0]],"o":[[0,0],[0,0],[0,0],[0,0]],"v":[[32.176,-29.836],[15.016,-29.836],[15.016,-36.857],[32.176,-36.857]],"c":true}],"e":[{"i":[[0,0],[0,0],[0,0],[0,0]],"o":[[0,0],[0,0],[0,0],[0,0]],"v":[[32.176,-29.836],[15.016,-29.836],[15.032,-32.286],[32.192,-32.286]],"c":true}]},{"i":{"x":0.14,"y":1},"o":{"x":0.86,"y":0},"n":"0p14_1_0p86_0","t":17,"s":[{"i":[[0,0],[0,0],[0,0],[0,0]],"o":[[0,0],[0,0],[0,0],[0,0]],"v":[[32.176,-29.836],[15.016,-29.836],[15.032,-32.286],[32.192,-32.286]],"c":true}],"e":[{"i":[[0,0],[0,0],[0,0],[0,0]],"o":[[0,0],[0,0],[0,0],[0,0]],"v":[[32.176,-29.836],[15.016,-29.836],[15.016,-36.857],[32.176,-36.857]],"c":true}]},{"t":27}]},"nm":"Path 1","mn":"ADBE Vector Shape - Group"},{"ind":1,"ty":"sh","ix":2,"ks":{"a":0,"k":{"i":[[0,-7.021],[7.02,0],[0,7.02],[-7.15,0]],"o":[[0,7.02],[-7.15,0],[0,-7.021],[7.02,0]],"v":[[12.806,9.426],[0.065,22.166],[-12.806,9.426],[0.065,-3.446]],"c":true}},"nm":"Path 2","mn":"ADBE Vector Shape - Group"},{"ind":2,"ty":"sh","ix":3,"ks":{"a":0,"k":{"i":[[0,11.31],[11.18,0],[0,-11.311],[-11.31,0]],"o":[[0,-11.311],[-11.31,0],[0,11.31],[11.18,0]],"v":[[20.476,9.426],[0.065,-11.115],[-20.476,9.426],[0.065,29.836]],"c":true}},"nm":"Path 3","mn":"ADBE Vector Shape - Group"},{"ind":3,"ty":"sh","ix":4,"ks":{"a":0,"k":{"i":[[0,0],[2.21,0],[0,0],[0,-2.21],[0,0],[0,0],[-7.41,0],[-4.42,-5.201],[0,0]],"o":[[0,-2.21],[0,0],[-2.21,0],[0,0],[0,0],[4.549,-5.201],[7.281,0],[0,0],[0,0]],"v":[[41.927,-18.656],[37.896,-22.686],[-37.896,-22.686],[-41.927,-18.656],[-41.927,-6.176],[-18.525,-6.305],[0.065,-14.886],[18.525,-6.305],[41.927,-6.305]],"c":true}},"nm":"Path 4","mn":"ADBE Vector Shape - Group"},{"ind":4,"ty":"sh","ix":5,"ks":{"a":0,"k":{"i":[[0,-4.42],[0,0],[4.42,0],[0,0],[0,4.421],[0,0],[-4.29,0],[0,0],[0,0],[0,0],[0,0],[0,0]],"o":[[0,0],[0,4.421],[0,0],[-4.29,0],[0,0],[0,-4.42],[0,0],[0,0],[0,0],[0,0],[0,0],[4.42,0]],"v":[[47.387,-20.216],[47.387,28.926],[39.457,36.857],[-39.456,36.857],[-47.387,28.926],[-47.387,-20.216],[-39.456,-28.146],[-32.046,-28.146],[-32.046,-33.996],[-23.726,-33.996],[-23.726,-28.146],[39.457,-28.146]],"c":true}},"nm":"Path 5","mn":"ADBE Vector Shape - Group"},{"ty":"fl","c":{"a":0,"k":[0,0,0,1]},"o":{"a":0,"k":100},"r":1,"nm":"Fill 1","mn":"ADBE Vector Graphic - Fill"},{"ty":"tr","p":{"a":0,"k":[75,72.984],"ix":2},"a":{"a":0,"k":[0,0],"ix":1},"s":{"a":0,"k":[100,100],"ix":3},"r":{"a":0,"k":0,"ix":6},"o":{"a":0,"k":100,"ix":7},"sk":{"a":0,"k":0,"ix":4},"sa":{"a":0,"k":0,"ix":5},"nm":"Transform"}],"nm":"Group 1","np":6,"cix":2,"ix":1,"mn":"ADBE Vector Group"}],"ip":0,"op":41,"st":-59,"bm":0,"sr":1}]}